name	target
29970	True
18654	False
29133	False
20927	False
5526	False
28028	True
16725	False
13886	True
7774	False
21410	True
25336	True
12656	True
10467	True
29867	False
18000	True
18008	True
6255	True
15684	True
11963	True
25714	True
20858	True
18572	False
25556	True
25472	False
31479	False
4850	True
10212	True
27257	False
17832	True
11552	False
7977	True
13432	False
27006	True
20861	True
34077	False
27410	False
32455	False
2274	True
15422	True
18344	False
2350	False
26583	True
26798	True
19073	True
27677	False
9139	True
31854	True
4829	False
33165	True
26588	True
24454	False
10493	True
25851	True
419	True
5538	True
4129	False
3358	True
30983	False
12982	True
5457	False
34701	False
16491	False
6822	True
3657	True
7867	False
30248	False
12651	True
6151	True
27130	True
24638	True
33226	False
234	True
29573	True
12674	True
29704	False
33949	False
11282	True
29733	True
14988	False
20376	False
12888	False
4014	False
27463	False
24178	True
12267	True
22503	False
19359	False
5758	True
19278	False
7535	False
9296	False
17780	True
15415	False
12500	True
13316	False
20590	True
206	False
2570	False
24484	False
33535	True
57	False
3720	False
15002	True
1556	False
8260	True
30878	True
21962	False
22080	True
17592	True
16541	False
27223	False
26423	True
31270	True
26893	False
21238	True
33958	False
27601	True
31163	True
8666	False
14794	True
12127	False
15131	False
33930	False
14617	True
16323	False
12178	True
35497	True
35165	False
840	False
18453	False
26445	True
21734	True
22115	True
8872	False
30349	False
22811	False
24252	True
22677	False
30781	True
34820	True
28949	False
3377	False
21145	True
14693	False
19445	True
29853	False
29136	True
11071	False
14309	False
33587	False
16787	False
8694	False
33299	False
7332	True
20451	False
24119	True
29043	True
8032	True
3437	False
496	True
9190	True
8409	True
21674	True
26443	False
24281	False
26374	False
11445	True
16069	True
11511	False
23938	False
18044	True
34672	True
28019	True
5287	False
771	True
4158	False
1167	False
30846	False
1960	True
17035	True
30032	False
21423	False
2783	False
13800	True
24344	True
33459	False
28239	True
26932	False
20523	False
8716	True
15502	True
13131	True
7030	False
13692	True
26629	True
1064	True
4498	True
14652	False
18589	False
5518	False
2337	True
18295	True
31817	True
15712	True
17642	False
35493	True
26036	False
33460	True
3512	True
23731	False
34960	False
26094	False
761	False
20005	True
34863	True
17469	True
19994	True
32560	False
17465	False
30883	True
10675	False
12103	False
35459	False
32375	True
4484	True
6388	False
8850	False
21453	False
17109	False
15652	True
9778	True
30411	False
2718	False
23506	False
10468	True
30771	False
14675	True
5981	False
27838	False
30944	True
34478	True
10319	True
20043	True
29202	True
30155	False
20515	True
26524	False
21652	True
28131	True
23370	True
17390	False
35003	True
13176	False
491	False
31768	True
18809	False
24717	False
10181	False
26873	False
10691	False
33979	False
17653	True
20672	True
21876	True
21468	True
10503	False
12505	False
15841	True
8965	False
27271	False
19829	False
11628	True
8794	False
15080	True
19197	True
28229	True
20326	False
9982	True
10765	False
5953	True
32886	True
30173	True
27899	False
32993	True
28924	True
32837	True
28651	False
25205	False
9072	True
3372	True
3547	True
10170	True
17268	False
20290	True
9079	False
23039	True
2076	True
10590	False
18641	False
17345	False
5571	True
19296	False
26702	True
32518	True
19657	False
14393	False
11730	False
35230	True
3549	True
7735	False
5193	True
7023	True
33293	False
4257	False
24382	False
17482	True
9001	True
32442	True
25631	False
17147	False
11990	False
34927	True
4217	True
22718	False
16987	False
4236	False
32321	True
7448	True
21841	False
30596	True
7797	False
23715	False
29806	True
22466	False
21924	True
30464	False
7540	True
19482	True
35504	True
31230	False
5356	False
8566	False
2051	False
23867	False
10375	True
2920	False
7382	True
22827	False
14153	True
15965	False
14499	False
13696	False
15366	False
34036	False
18604	False
30548	False
12883	True
8989	False
27160	False
28931	True
21229	True
15846	False
1423	False
31533	True
31944	True
2101	True
33709	False
12119	False
23135	True
566	True
33306	True
30402	False
19458	False
22759	False
29805	True
13385	False
6308	False
20209	True
18101	False
11144	True
22340	True
3993	True
35147	False
14543	False
16724	False
13565	False
15284	True
7569	True
24508	True
24919	True
5874	False
20244	False
12085	False
21299	False
13235	True
12244	False
25291	True
19853	False
23635	True
27609	False
20216	False
3245	True
692	False
23701	True
20690	False
19541	True
17878	True
2478	True
20992	False
7654	True
25386	False
14388	True
15667	True
14817	True
31884	True
6047	True
16886	True
3864	False
28095	False
26529	True
5180	False
13578	True
1769	False
21663	True
32720	True
11297	False
16860	False
6000	True
21586	True
34644	True
28574	True
5229	False
26829	True
9489	True
12749	False
19208	True
21884	True
25383	False
2983	True
11377	True
6919	False
6977	True
29048	False
32524	True
12211	False
18258	False
32414	True
23497	False
17351	False
414	True
2515	True
26818	True
33981	True
5613	True
14991	False
3050	True
23260	True
32539	True
400	True
23451	False
2467	True
25116	False
30704	False
2888	True
33714	True
26928	True
30041	False
27578	False
33085	False
23167	True
30604	False
20444	True
32956	True
11558	True
4777	False
12283	True
16747	True
3202	False
1114	True
16215	True
14541	False
7823	False
3615	True
34718	False
32935	True
35176	False
12098	False
18337	True
18299	False
34119	False
34063	False
12593	False
26822	True
2409	False
1492	False
13594	False
8984	True
28447	True
26295	True
3867	True
16416	True
8241	False
25552	True
34083	False
24818	True
22742	False
33858	True
22204	True
28368	False
23111	True
2917	True
22210	True
22219	True
9688	False
24778	True
11358	False
10143	False
25350	False
10568	True
32747	False
9391	True
32832	False
18370	False
21070	False
26965	False
12247	True
10193	False
16811	True
26841	True
26796	True
31026	False
11681	True
30369	False
3542	True
5481	True
32250	True
9407	False
23708	True
22240	False
35324	True
9251	True
24969	True
24208	True
3256	False
32680	True
30148	True
2692	False
25515	True
14136	True
14111	True
4952	False
23703	False
30868	False
3565	True
5051	True
12675	True
35061	True
22969	True
7591	True
5120	False
20072	True
25262	True
17423	True
18009	True
20490	False
17170	False
34373	False
9112	True
20887	False
32133	True
5219	False
13891	True
17880	False
32183	True
17792	False
33048	True
28124	True
14526	True
23830	True
29782	False
26504	True
28609	False
6431	True
20817	True
32125	False
17115	False
9441	True
17604	True
23162	True
6352	True
18934	False
3700	True
4704	True
3000	True
17450	True
5900	False
6633	False
11259	True
35436	False
21242	True
32695	False
4255	True
15463	False
19130	True
14983	False
22737	False
22239	False
28592	True
30935	False
16238	False
30298	True
14839	False
6459	True
30135	True
26498	False
29407	False
8600	True
6097	True
26371	True
28027	True
13289	True
13936	True
12538	False
6837	True
4061	False
31906	False
14322	False
33304	False
7026	True
27506	True
12185	True
13956	True
27864	True
4305	True
25706	True
2760	True
23571	False
30213	True
25943	True
34422	True
30673	True
35550	True
14623	False
26966	True
7160	True
35394	True
30591	True
22549	True
21927	True
31868	False
16560	False
14572	False
5316	False
14423	False
16863	True
3188	True
18308	True
31535	False
4437	True
2552	True
26892	True
15704	False
1716	True
20235	True
10606	False
24314	False
30616	False
24078	True
31359	False
1805	True
20533	True
22714	True
32767	False
11946	False
17883	True
23668	False
7524	False
18215	True
17541	False
25724	False
23962	True
23479	False
26264	True
28795	True
12461	False
15164	False
16615	True
22260	False
11076	True
2643	False
5289	False
15800	True
3649	False
16552	False
10736	False
17952	False
21017	True
33142	False
20241	False
22060	False
4743	True
4978	True
33441	False
11504	True
13187	True
29785	True
5155	True
34054	False
20242	True
4605	False
25223	True
11772	False
25823	False
16260	False
17160	False
18978	True
5825	False
29463	False
33331	True
30837	False
34161	False
30163	False
13544	True
11199	False
23008	True
3678	True
2673	False
33286	True
23662	True
10104	True
24279	True
2770	True
18913	False
12427	True
33458	False
3404	True
17265	True
16703	True
33381	False
12654	True
8973	False
16256	True
13216	True
9841	True
8535	False
15374	False
30506	False
1124	False
33878	False
35066	True
25666	False
1373	False
32038	True
15816	True
16179	True
32009	False
26997	False
35047	True
24501	True
15678	True
27859	True
18652	False
3448	True
13533	True
6292	True
18922	False
27550	True
23355	True
5044	False
26653	False
26546	False
4403	False
28130	False
28872	False
20126	False
11649	True
32965	False
28745	True
12697	True
33076	True
15287	True
12004	True
6651	False
24265	True
15358	False
8324	True
19221	True
21030	True
28869	True
14406	False
22143	True
30154	True
1531	False
31360	False
14058	True
33921	True
8293	False
1267	True
27215	True
14909	True
10786	False
4112	False
34898	True
2293	False
28214	False
13478	True
26165	True
4775	True
13580	True
23638	True
4810	False
259	False
35500	False
12337	False
18038	False
25485	True
9916	False
15676	True
33716	True
27850	True
6480	False
14436	True
24439	False
10197	True
6178	False
2294	True
12955	False
34099	False
12071	True
10148	False
32409	False
30280	True
31499	True
28968	False
6119	False
15873	True
14516	False
34040	True
13014	False
14209	True
34252	False
19757	False
27647	False
23942	False
3869	False
10602	False
34583	False
30576	False
6643	False
22719	False
24341	False
21259	False
17253	False
17815	False
8509	False
19780	True
32108	False
1993	False
15715	False
11201	True
27049	False
19653	False
8134	False
8705	False
34280	True
9550	True
9791	False
19186	False
27832	False
7069	False
956	False
14198	True
27687	False
16357	True
7305	True
25988	True
8389	False
7792	True
32201	True
17022	True
33073	False
23665	False
31339	True
5916	False
22906	True
31345	False
19552	True
19103	False
30260	True
23833	True
18109	False
34150	False
3522	True
23814	True
1208	True
18851	False
14713	False
9389	True
19838	True
17906	False
13495	True
29264	True
20754	True
25396	True
5407	False
25559	False
25299	True
22335	True
20090	True
26251	True
10244	True
15129	False
14641	False
7359	False
17757	False
18355	False
27364	True
18550	False
32673	False
4475	False
6186	True
34862	False
9272	True
34655	False
9436	False
7366	True
2265	False
34697	False
3075	False
26384	False
23216	False
23130	True
10090	True
31115	True
23955	True
7651	False
8621	False
5062	False
16610	True
26352	False
10917	True
25243	False
24085	False
26341	False
9271	True
5085	True
8053	False
5310	False
4849	True
10454	True
32724	False
17088	True
12187	False
30193	True
11582	True
32619	False
12332	False
15174	False
11932	True
23984	False
33182	False
15471	False
3095	False
15971	True
30725	True
20182	False
15779	True
1929	True
8022	False
23417	False
26924	True
26279	True
8346	False
12154	False
20758	True
14052	False
6875	False
1	True
19086	False
7848	False
29203	False
6136	True
31458	True
33434	False
16136	True
32225	False
15821	False
8536	False
11659	True
32288	False
6792	True
2765	True
20909	False
2623	False
33661	False
21847	False
24590	True
1495	False
2082	False
34132	False
21527	True
25278	True
19485	True
530	False
34989	True
16684	True
33670	False
2754	False
14032	True
35418	True
24077	True
33470	False
18013	False
25356	False
6568	False
25728	True
33614	True
11368	False
22233	True
1679	False
13691	True
1837	True
10840	True
25151	False
30087	True
8143	True
5210	False
15279	False
5495	True
7320	False
27023	False
14360	True
10462	True
1256	False
21392	False
12956	False
16224	False
23013	True
27229	True
14367	True
20649	False
546	True
3731	False
24483	True
31610	False
32030	True
14614	True
22618	False
31561	True
4398	False
15218	True
21891	False
3918	False
1949	True
25107	False
33774	True
26082	False
17429	True
24674	False
32562	True
30942	False
11513	True
10813	True
2639	False
8252	True
31244	True
22649	False
11784	False
26134	True
11647	True
900	True
4000	False
10225	True
20570	False
34533	True
6666	False
19371	True
4383	False
13387	False
7526	False
5567	True
21493	False
20917	True
28264	False
10110	True
14767	True
32743	False
10832	True
21079	False
21759	True
12887	True
8620	True
20522	False
1938	True
20196	True
14197	True
9362	True
20961	False
19698	False
20358	False
18369	True
28724	False
15327	False
4830	False
17060	False
22587	True
25704	True
17167	False
27361	False
20936	False
29590	True
29420	False
25407	True
27044	True
31922	False
9772	True
11413	False
24479	True
34182	True
18302	False
25022	True
796	False
8715	False
8105	False
4954	True
35045	True
27712	True
26522	True
32589	True
27813	True
5079	True
24259	False
11183	False
32909	True
15052	True
31541	False
22288	True
8388	True
2843	False
20514	True
13577	False
6473	True
24272	False
12091	True
6509	True
5540	True
26669	True
28404	False
19061	True
19611	False
10261	False
20596	False
20870	True
8140	True
25732	False
18352	False
6408	True
25919	False
12778	False
26566	False
5805	False
18629	False
10846	True
13356	False
1054	True
10557	True
1182	True
8376	False
24776	False
18443	False
14453	True
11320	False
12035	False
22158	True
8259	False
32989	True
10157	False
21630	True
4734	True
4081	True
32317	False
30734	True
359	True
28222	False
9085	False
22534	False
26427	True
19063	True
24306	False
5561	False
33766	True
14138	True
4918	False
27230	True
28299	False
26497	False
29414	True
34485	True
26458	True
22935	False
6834	True
16019	False
8918	True
23622	True
11241	False
35106	False
26241	True
7826	False
32624	False
13796	True
399	True
8165	False
35345	True
32003	False
35219	True
29176	False
9564	False
14270	False
1692	False
12641	False
25570	True
1667	True
17915	False
24112	True
29422	True
33360	True
34685	True
14869	True
319	True
13999	True
22555	True
15421	False
13336	True
7268	False
20835	True
4351	False
25680	True
13454	True
4848	False
12900	True
28566	False
9952	True
9881	False
23845	False
6175	False
5244	True
19124	False
7640	True
23613	False
21535	True
33544	True
10281	True
34123	False
18431	True
24	False
24999	False
33650	True
34615	False
27393	False
5784	True
34163	True
8400	False
21547	True
17308	True
3765	True
8808	False
30227	True
27003	False
19493	True
24531	False
30694	False
25155	True
13523	True
29705	False
25174	True
11674	False
27720	True
9541	False
33887	True
18334	False
5748	False
19604	True
15229	False
13576	False
29582	True
5543	True
26324	True
22124	False
23909	True
28808	False
27311	True
18937	True
2546	True
28235	False
13732	True
10593	False
4868	False
14013	True
27877	False
31041	True
27774	False
5997	False
4558	True
5641	False
27536	True
8768	True
21141	False
3604	False
1652	True
27465	True
6753	False
21526	True
3371	True
32236	True
8797	True
28945	False
28519	False
33884	False
5384	True
23995	False
17841	True
25153	True
23401	True
29310	False
13869	False
23309	True
31704	False
9141	True
11640	False
27734	False
21367	False
29723	False
29396	False
28088	False
20103	True
9364	True
20693	True
19730	False
26739	True
5741	True
16280	False
17319	False
22807	True
23287	False
3800	True
22995	False
13506	True
34052	True
9813	False
27682	True
19789	True
8901	True
10009	True
34444	False
26157	True
17630	True
14440	False
25391	True
22636	False
30610	False
28967	False
2197	True
2050	False
18683	True
3423	False
11149	False
870	False
15916	False
2939	True
27620	True
16281	False
29532	True
28662	False
17714	True
25766	True
17916	True
11487	True
7205	False
33969	True
34784	True
34283	True
18881	True
16678	True
9809	True
20391	False
3914	False
30760	True
34127	True
23349	True
9026	False
34225	False
12797	False
20400	True
30847	True
16874	False
33917	False
26292	False
27776	False
25978	True
13898	False
10451	True
13934	False
25338	False
2969	False
977	True
14540	True
17275	True
8724	True
7930	False
2257	True
30528	False
14473	True
16490	False
17872	False
22640	True
19004	False
5803	False
8812	False
14806	True
19424	False
15562	True
27902	True
34049	False
1910	False
14233	True
6970	False
5203	True
2189	False
8636	True
5393	True
27330	True
19254	True
14871	True
17071	True
3493	True
20629	True
32577	False
10734	True
35455	True
19584	False
11422	True
6065	False
14787	False
12058	True
5604	False
6085	True
6373	False
5566	True
3822	True
24204	True
8182	False
316	True
23800	False
17567	True
25770	False
26826	False
25016	False
596	True
3650	True
19856	False
17930	True
15754	False
1582	False
2541	True
13433	True
1780	False
33803	True
27744	False
15329	False
4241	False
17448	True
15854	True
28099	True
35029	True
808	False
31751	True
22620	True
35514	True
5070	False
21558	False
34845	True
5400	False
4870	True
21050	False
3403	False
5261	True
30416	False
20071	False
21384	False
1923	True
33762	True
13888	False
27849	False
4344	True
34168	True
24509	False
35496	False
15221	False
34088	False
26202	False
28192	True
18430	False
13456	False
26503	True
9248	True
9427	True
20139	False
7358	True
28445	False
12518	True
8385	True
33205	True
28256	True
32159	True
31826	False
7947	True
11492	True
735	True
1771	True
20521	False
8339	True
3827	True
16773	False
16235	True
20294	True
19908	False
2706	True
9744	True
16242	False
20923	True
13154	True
3228	False
18087	True
34706	True
15072	True
10228	True
27906	False
20771	True
27766	False
34805	False
31743	False
28046	False
27266	True
19047	True
33552	True
33773	False
25848	False
25037	True
16111	False
7951	True
373	True
9532	False
29653	True
2302	False
2961	True
35096	False
20750	False
17246	True
15247	True
18562	True
19729	False
34806	True
13438	True
16183	False
24400	False
20373	True
32806	False
34567	True
15385	False
17963	True
13543	False
33201	True
7602	False
24732	True
16493	True
8506	False
3631	True
5517	False
7678	False
7307	False
35471	True
5144	False
8316	True
4610	False
10939	True
35316	False
32672	True
31874	True
5298	False
25913	True
5116	True
20386	True
31770	False
4204	True
23306	False
24100	True
11044	False
16406	False
26639	False
11186	True
3597	False
10089	True
13601	True
16292	True
7687	True
15484	False
9508	True
1045	True
22013	True
17506	True
8692	False
5801	False
33342	False
33783	False
12120	False
27577	False
26413	False
2900	False
13311	False
31094	True
1540	True
4225	False
24601	True
15346	True
35456	False
32712	False
3051	True
4286	True
23423	False
22899	True
12221	False
8530	False
32229	False
22853	False
18859	True
3987	True
22014	True
26375	True
7263	True
20569	True
15535	True
29823	False
33119	True
17395	False
9774	True
32843	True
420	False
24492	True
29829	False
2892	False
27777	False
8840	True
32848	True
28040	False
35228	True
13573	True
15315	False
33793	True
33804	True
31383	True
24200	False
9559	True
26465	True
33168	False
10045	False
5195	True
24812	True
31029	True
12534	True
7690	False
31725	False
8205	True
7691	False
32268	True
244	True
32792	True
13267	False
18279	True
1044	False
15534	False
20077	False
10908	False
27107	True
27136	False
30869	False
9497	False
11055	True
1523	True
27767	True
29953	True
15264	True
22456	True
12453	False
7611	False
2805	True
21178	True
7432	False
29908	False
29456	False
9522	False
31928	False
31519	True
25590	True
12997	True
17143	False
13514	False
25529	True
5718	False
34770	True
4160	False
14387	False
20170	True
35122	False
4894	True
16166	True
27889	True
20812	True
35371	False
17755	True
6261	True
22276	False
29972	True
4648	True
30924	True
17528	True
26721	True
15551	False
16752	False
23133	True
539	True
11461	False
18108	True
10501	False
31760	True
15332	False
26140	True
15469	True
23199	False
18544	False
12914	True
4219	False
17273	True
26571	False
23100	True
7086	False
28301	False
22398	True
11633	True
2918	True
29489	True
1119	True
25842	True
7208	False
19927	True
3500	False
176	True
11637	True
33574	False
12404	False
20293	False
12040	True
5603	False
23897	True
1850	False
31668	False
5245	True
16444	True
120	True
727	False
7238	True
23931	True
29336	True
906	False
12894	False
28735	True
28767	False
30540	True
4098	True
12303	False
29072	True
26249	False
13121	True
32689	False
35008	True
20916	False
7647	True
13040	True
9937	False
7251	False
20508	True
22693	True
16588	False
17946	False
2746	False
11348	True
33734	False
11519	False
2132	False
8630	True
18262	False
10393	True
14451	False
23578	False
10567	False
17722	True
22831	False
32243	False
101	False
19343	False
32328	False
19637	True
35426	False
28459	True
24990	False
6639	False
21622	True
13701	False
34245	False
18644	False
16613	False
18801	True
27492	False
5580	False
18218	False
11759	True
11095	True
26614	True
23653	False
19740	False
23033	False
28736	False
4745	True
23825	False
16614	True
27605	False
19943	False
24749	False
32301	False
12086	True
24951	True
18566	True
17944	True
6214	False
11431	False
20988	False
16492	True
23990	False
20933	True
29593	False
11969	False
12798	True
28756	False
19304	True
34748	True
19585	False
11555	False
7400	False
12111	True
5154	True
16436	True
6574	False
2605	True
29531	False
2978	False
16344	False
17065	False
16571	True
8514	False
1858	False
9024	False
17231	False
15177	False
7964	True
3775	True
28439	True
5353	True
14249	True
12166	True
7865	True
24542	False
905	True
2869	False
5266	True
27045	False
34510	True
7503	True
15035	True
24383	True
13445	True
3436	True
26022	True
6996	True
11104	False
6287	True
26298	False
11493	False
5344	False
27454	False
19066	True
1204	True
7046	True
7999	True
21335	False
6571	True
25477	True
20958	True
29401	False
26718	False
3383	False
5612	False
20311	True
22893	True
21555	False
22188	True
9801	False
27871	False
25761	True
9209	False
28163	True
15037	False
30364	True
35466	True
22676	False
11501	False
18269	False
3077	True
22900	False
9787	True
17513	True
20931	False
35031	True
14474	True
33481	True
24102	True
24505	False
31942	False
22366	False
14025	False
12155	False
11706	True
9380	True
30581	False
10785	True
33064	False
31159	False
5132	True
13402	False
6856	True
17172	False
26149	False
10870	False
21376	False
18272	False
250	True
25440	True
24517	False
7209	True
16802	True
17300	False
8662	True
8103	True
27624	False
6064	True
30720	False
25977	True
17271	False
6953	True
1393	False
756	False
5082	True
2002	True
26879	False
7901	False
1375	True
13695	True
7696	True
34763	True
13114	True
12549	True
30003	False
25334	False
13849	True
18412	True
14888	True
6264	False
31378	False
29979	False
16161	False
16674	True
28987	False
15232	False
24684	False
16205	True
1014	True
21758	True
12078	False
21591	False
31353	True
26020	True
5424	True
32492	True
11128	True
18066	False
26850	True
33953	False
9858	False
22162	False
861	True
19618	False
28094	True
7445	True
33091	False
18146	False
2070	True
15903	True
33987	False
17389	True
34192	True
8525	True
32883	False
20561	True
10754	False
7692	True
29974	False
28260	True
13581	True
13297	True
2052	False
34813	True
6624	True
19996	False
23221	False
21438	True
30159	True
20654	False
20977	True
16287	False
10158	False
8297	True
26405	False
3140	False
34092	False
4329	False
23804	True
9590	True
29100	True
20799	True
1390	True
13984	True
27155	True
874	False
9880	True
8079	True
9260	True
27123	True
4754	False
31173	False
12780	True
11976	False
3310	False
10071	False
25638	True
4957	False
11621	True
25927	True
32559	False
26187	False
7763	True
29	True
18268	True
12553	True
30266	False
15435	False
28154	False
6109	True
27641	False
20028	True
2048	True
35348	False
27726	True
20428	False
23290	False
32314	False
6805	False
8243	False
9111	True
30505	False
7313	True
18909	False
18797	False
3696	True
32796	False
4256	False
8612	False
13877	False
11263	False
14463	True
17116	False
22992	False
2040	False
11273	False
11161	True
29525	True
4516	True
7310	False
30546	False
35284	True
3277	False
31923	True
2404	False
11708	False
30312	False
23651	True
32131	True
7765	True
12108	True
4164	False
11852	False
10201	False
1420	False
6069	True
8472	True
24729	False
32351	False
4302	False
10452	False
31447	False
224	True
25125	True
10818	False
35166	True
13399	False
8497	True
17168	False
29099	True
24685	False
11247	True
33421	False
7476	True
15067	False
18116	True
29372	True
19632	True
1876	True
30990	False
17793	True
13632	True
24996	False
15974	True
12318	False
3594	True
31179	False
8168	True
20060	True
23603	True
35135	False
7634	False
25678	True
30445	False
24038	True
31862	True
1048	True
15680	True
4364	False
9939	True
10041	True
1598	False
25214	True
388	False
9166	True
10107	True
22494	True
8826	True
2820	True
17337	False
32957	False
18263	False
4813	True
8174	True
21707	False
11560	False
12714	False
31820	False
14980	True
335	False
35541	False
24968	False
8262	False
23193	False
32845	False
7638	False
16364	False
17639	False
23694	False
11470	False
32111	True
9236	True
13145	False
185	True
22609	True
23782	True
33890	True
34237	False
18170	False
18134	False
5259	False
7440	True
20101	True
25606	False
30021	True
31235	True
18183	True
28532	True
24467	True
32745	False
3848	True
32319	False
22128	False
18129	False
2569	False
29601	True
14634	True
30156	False
34250	False
7970	True
34361	True
18265	False
34783	True
14922	False
1749	True
22871	True
21380	True
33778	False
10078	False
14477	False
8753	True
28893	False
64	False
12134	True
10890	True
8124	True
9546	True
9637	True
15696	False
6940	True
14999	True
8457	True
20222	False
15115	True
16711	False
13646	True
722	True
35260	False
1350	True
10816	False
1242	False
18951	True
5837	False
4663	True
16100	False
19140	True
8811	False
9821	False
34053	True
29030	True
24232	True
6438	False
12911	True
10207	False
16546	False
10255	True
6925	False
32849	True
841	True
26713	False
20597	False
18015	True
30634	False
159	True
31732	True
20265	True
6172	False
10115	True
603	False
22396	True
19001	False
1441	False
2705	False
12472	False
22446	False
29991	True
15138	False
4159	True
35448	False
24880	True
30060	False
6594	True
16318	False
23723	True
15686	True
34079	False
26931	True
31180	False
24261	False
35266	True
20063	True
18895	False
3849	True
16542	True
20408	True
5894	True
4448	True
33591	True
10615	True
23531	False
10862	True
22746	True
5919	True
33239	True
7754	False
25816	True
5185	True
9010	False
938	True
15563	True
8515	True
19317	False
34631	True
21361	False
4413	False
22582	True
326	True
14954	False
29210	False
15963	False
26540	True
18495	False
5363	False
4205	False
23438	False
6893	False
25053	False
47	True
23005	False
20251	True
11836	True
4212	True
13329	True
10780	False
20549	False
30051	False
7465	True
34650	True
31171	False
35251	True
2262	False
3413	False
25311	True
16191	False
31985	False
15694	True
18743	False
4095	False
29921	False
6829	False
18842	False
19773	False
26333	True
19998	True
17547	False
12610	False
24991	False
35081	False
21732	True
21175	True
23594	False
3200	True
17107	False
10491	True
25046	True
27055	True
16698	True
18886	False
13736	False
25785	True
28273	True
6384	False
26342	False
21890	False
23477	False
375	False
31702	True
11587	True
24620	False
16438	True
27010	False
516	False
28873	False
9116	True
7256	True
29268	False
11544	True
17407	True
14235	True
16113	False
29121	False
8964	True
29751	False
14029	True
12942	False
3610	True
31020	False
20084	False
27450	True
5300	True
19386	False
21319	True
13046	True
21888	False
21149	False
2313	True
11222	False
3035	False
7799	False
27563	False
15782	False
19413	True
34034	False
20883	True
9667	True
33263	False
7795	True
33473	True
32299	True
23452	False
12218	True
7922	False
724	False
23534	False
32367	False
7041	False
6762	False
23762	True
29980	True
2416	True
26101	True
20262	True
8176	False
15466	False
11097	False
24894	True
25473	True
30002	True
1545	True
24618	False
11308	False
18059	True
15604	False
15405	False
902	False
21163	False
9946	False
3401	True
35346	False
5666	False
15458	True
6838	True
11118	False
16132	False
7067	False
20402	True
14786	True
15567	True
20914	False
2635	True
17434	True
31143	False
7595	True
27986	False
24764	False
7953	True
4201	True
18891	True
31308	True
6622	True
20347	True
11980	False
17794	False
29516	True
11295	True
35489	False
28930	False
7292	False
934	True
9544	True
8046	True
20581	False
21739	False
24660	False
20673	True
27719	False
6957	True
27622	True
21656	True
13020	False
16895	False
18223	True
23823	False
20821	True
4802	True
11387	True
17420	True
16597	True
35430	True
23649	False
2157	True
28061	False
24360	True
23104	False
20738	False
8132	False
14808	True
23296	True
4512	False
8031	False
22382	True
14859	True
19521	True
2458	True
25467	True
17470	False
1502	True
24943	True
24654	True
2389	False
29506	True
18487	False
1074	False
19414	True
3766	True
6392	True
27724	False
35400	False
20171	False
2846	True
32758	False
34693	True
12820	True
24977	False
30858	True
31968	True
12294	True
9053	False
31336	True
18248	False
7177	False
2424	False
12376	False
26633	False
31449	False
32875	False
20732	False
3715	False
15758	False
1500	True
7952	False
9738	False
22425	False
17538	False
11339	False
10819	True
14211	True
3877	True
8198	True
13770	False
28063	False
9639	False
30241	False
16636	True
10985	False
12156	False
20854	False
23705	False
25696	False
34258	False
14873	True
10316	False
32353	True
11507	False
20284	False
31327	False
21230	False
13885	True
15096	False
18890	True
19161	True
1007	True
19010	True
23085	False
7766	False
30341	True
11269	True
13574	True
22586	True
499	True
33256	False
25179	False
22624	True
30787	False
34566	False
4874	True
1675	False
30717	True
23556	False
6290	False
22712	False
30058	True
27801	False
7507	False
5501	True
29039	True
24144	False
24151	False
8045	False
30203	True
19060	True
30423	False
1864	True
27110	True
19819	True
25843	False
13798	True
1279	False
1741	True
11805	True
6096	True
33499	False
8876	False
4893	True
1743	False
1952	True
10444	False
7593	False
29605	False
12602	True
7206	True
34610	False
26606	True
15786	True
14201	False
14335	True
24008	True
28641	True
25873	False
14191	False
18592	False
7431	True
3682	False
5111	True
29925	False
10145	True
29052	True
4320	False
21268	False
19226	True
21502	True
5449	False
15083	True
24541	False
8672	True
2682	False
9091	True
25776	True
7643	False
32433	True
9829	True
9177	False
525	False
4274	False
13325	False
31707	False
34362	True
7446	False
302	False
21875	True
9655	True
30024	True
169	False
33004	True
29933	False
29975	False
16163	True
30519	True
13821	True
10561	False
22053	True
20461	False
710	False
30117	True
11292	False
29771	False
4263	True
19624	False
21055	False
18383	True
22502	False
753	True
19516	True
18174	False
22957	True
10419	True
20393	True
13773	True
1725	False
1455	False
19448	False
10601	True
2248	False
11890	False
21131	True
7066	False
14553	False
32233	False
30825	False
18395	False
19656	False
24396	False
8209	True
17435	True
16208	True
20769	True
33832	True
13135	True
23834	False
35227	False
3065	False
17468	True
34933	True
32487	True
8428	True
5327	False
29632	False
29899	False
34210	True
27722	True
26971	True
942	False
1066	True
6545	True
138	True
21138	False
20445	True
4783	True
8173	True
12965	True
13967	False
32068	False
21705	False
3354	True
33156	True
8704	True
28925	True
32882	False
27434	True
23810	False
21448	False
241	False
29062	False
6166	False
33895	True
23783	True
10169	False
16480	True
35354	True
16508	False
12089	False
25946	True
2176	False
17679	False
8274	False
32478	False
19025	False
3688	False
14215	True
8478	False
26533	True
16770	False
27903	False
3266	False
10579	True
21813	True
5634	True
619	True
7450	True
34377	False
18346	False
12064	False
13197	False
22876	True
17230	False
35054	True
11385	True
10977	True
15919	False
27034	True
2149	True
17765	True
5039	False
18027	False
14011	True
33920	False
26689	False
5477	False
5512	False
27340	False
10164	False
14974	False
16423	True
8587	False
28980	False
30055	False
22661	True
29884	True
3852	True
27087	True
25572	True
26854	True
32312	True
3899	True
9092	False
20134	True
24141	True
30981	True
5771	True
6453	False
7588	False
17361	True
17698	True
32142	False
30169	False
8466	True
26176	False
1868	True
15901	False
8420	False
9720	False
28684	True
20804	False
16088	True
24807	True
27915	False
17266	True
19120	False
28327	False
12165	True
1552	True
9731	True
2198	False
30829	False
19710	True
29280	False
6888	True
4402	False
17044	False
2096	True
32107	False
30730	True
34630	False
5249	False
13269	False
29801	True
30635	False
27469	False
19806	False
11816	False
27760	True
17017	True
6258	False
29650	False
1497	True
19300	False
30985	False
29767	True
5881	True
25862	True
34914	True
12235	False
1915	False
27533	False
24738	False
35303	False
24066	False
14569	True
29059	True
11069	True
19465	True
31276	False
27733	True
24148	False
30395	False
29470	True
21016	False
33208	False
21191	False
1059	True
15838	False
28190	False
5246	True
20779	False
34830	True
4851	False
24210	True
2905	False
4054	True
20568	False
17587	False
19277	False
29126	True
20969	True
968	True
7115	True
11459	True
20788	True
31284	False
5551	True
15003	False
16745	True
19104	True
8180	True
26361	True
23815	True
3795	False
19862	False
25111	False
25320	True
21771	False
32348	False
31175	True
26593	True
23447	True
6960	True
581	False
11845	False
10154	False
2135	False
8618	False
19970	False
26968	False
19269	True
4965	True
27897	True
6378	True
9132	True
28230	False
32265	True
5541	False
34424	False
33354	True
11595	False
22257	False
9927	False
24866	False
7780	True
35282	False
34202	True
4722	True
9063	False
3574	False
29200	True
7626	False
1735	True
23659	True
4842	False
24373	True
27444	True
25676	True
5591	False
506	True
27648	True
33202	True
4165	False
2407	True
13437	False
4022	True
31382	True
20088	True
8270	True
27831	False
34542	False
6056	False
2141	True
20128	True
3451	False
22847	True
12546	True
28032	False
33636	False
27265	False
4243	True
7959	True
14392	True
32528	False
162	True
2909	False
6917	True
2500	False
12930	False
24441	True
13418	True
10694	True
26201	True
28025	False
22362	False
15973	True
33366	True
16084	True
20711	True
23077	False
22674	True
13689	True
32752	False
13064	False
33495	True
14062	False
10069	True
15149	False
32571	True
22914	False
29363	False
5716	False
29564	False
26517	True
15196	False
15557	False
172	False
1286	False
7386	True
391	True
31039	True
1471	True
19032	True
27881	True
5129	False
9917	False
32797	False
31389	False
2277	False
31601	True
33504	True
15410	False
30887	False
25049	True
9402	True
34744	False
11499	False
7680	False
6189	True
15671	True
5537	True
18077	True
2169	True
24422	True
19044	True
26732	True
31832	True
14610	True
23469	True
23568	True
32664	False
22243	True
1732	True
12792	True
30090	False
16933	True
3652	False
17490	True
19703	True
19495	True
8216	False
11614	True
32596	True
9814	False
31082	False
12617	True
16943	False
29833	True
7183	False
6212	False
35378	True
27145	False
1085	False
25690	True
29366	False
14668	True
2942	True
6371	False
22762	True
25487	True
17138	False
30927	True
6647	False
29861	False
32582	False
25030	True
31226	False
28709	True
8842	False
23431	True
7669	True
33664	False
30779	True
3647	True
839	True
24399	False
31470	False
17291	False
3729	False
33906	True
26459	True
35168	False
1696	False
24641	True
19083	True
32089	False
23347	True
22235	False
28708	True
25114	False
25554	True
12512	True
10398	True
33936	False
6623	True
17377	True
16555	False
33144	False
6092	True
12856	True
16625	False
27097	False
3948	False
28828	True
25253	False
7405	False
18702	True
19310	True
7083	False
1076	False
1084	False
24893	True
9618	False
17574	True
3967	True
12937	True
10949	False
13107	False
19728	False
6302	True
32693	False
1190	True
30902	False
4037	False
18618	True
16906	False
28353	True
17641	True
33739	False
8863	True
10365	True
16796	False
3859	False
32986	False
6801	True
6889	True
20910	False
21023	True
21225	False
20152	False
29541	True
26791	False
32587	True
10296	True
27005	False
24007	True
9856	False
20384	False
12340	False
19758	False
2346	False
12395	False
8948	False
24956	False
30603	False
12402	False
26110	True
34953	True
35064	False
6570	True
19534	False
33528	False
26000	False
5994	True
29727	False
28997	True
24481	True
22249	True
34196	True
22872	False
25084	False
12410	True
31757	False
22592	True
3276	True
27458	False
10897	False
2704	False
29491	False
12243	False
7671	False
23430	True
33740	False
22421	True
8871	False
8399	True
16299	True
9310	False
33873	False
6266	False
21501	False
19440	False
5107	False
1381	True
27725	False
5735	True
14464	True
13924	False
11870	True
25186	True
29676	True
8144	False
3894	True
34738	True
32440	False
10572	True
16786	False
28978	True
32774	True
1827	True
33283	True
3908	False
1251	True
371	False
41	False
12624	True
9616	False
23710	False
32920	False
28941	False
3337	False
2155	True
16836	True
24082	False
19511	False
29835	False
20061	True
28110	True
26282	False
12566	True
22350	True
33970	True
10735	False
31481	True
11156	True
11931	False
34986	True
6491	False
1934	True
8476	False
24335	False
22747	False
32393	True
1175	True
15231	False
7883	True
35172	True
15815	False
10974	False
24315	True
11077	True
23149	True
11184	True
17480	False
23218	False
1179	True
24356	False
17399	True
24256	False
30754	False
4359	True
2259	True
34257	False
33418	True
20503	True
31126	False
755	False
7157	True
22861	False
34412	False
3895	False
20217	False
4012	False
13435	True
6206	False
25077	False
5040	True
22891	False
6772	True
24040	False
10531	True
9449	False
29569	False
32361	False
22339	False
13144	False
3679	True
18767	True
33248	False
1785	False
11740	False
8418	False
20630	True
33828	False
17585	False
20485	True
294	False
15844	True
33098	True
31753	True
23784	True
31892	True
31120	False
17290	False
2688	True
18521	True
5845	True
2588	True
31264	False
27411	False
24362	False
14008	False
8993	False
16201	False
27621	False
32058	True
20022	True
6445	False
9144	True
13310	True
2958	False
23066	True
18475	False
15944	False
1000	True
9596	False
16955	False
4551	True
33269	False
9077	True
25479	True
25998	True
27608	True
6338	False
17923	True
9620	True
27459	True
19777	False
35065	True
16374	True
25875	True
35368	False
1754	True
22089	False
15185	True
9104	True
22709	False
25898	False
3809	False
27819	False
31559	True
34879	False
28569	False
29150	True
28690	True
35123	True
15653	False
31187	False
19513	True
26340	False
21762	True
4316	True
31262	False
32210	False
29303	False
6421	True
25854	True
6689	True
22863	False
4283	False
1129	False
3232	False
3176	False
555	True
6479	True
18938	True
13361	False
18276	True
1191	False
18503	False
23655	False
12192	True
12551	True
19834	True
23397	True
25535	False
18574	True
7942	False
17123	False
35374	True
1206	True
10983	False
35352	False
2974	False
28339	False
23552	False
28877	True
579	False
25945	True
30853	True
21346	True
14345	False
31801	False
15367	False
5688	True
5852	True
21602	True
14544	False
9642	True
22724	True
17043	False
1458	True
28165	True
15992	True
19301	False
29555	True
26325	False
20932	False
29444	False
11105	False
16169	True
17922	False
19217	True
29204	False
16390	False
13308	False
121	False
7646	True
1120	True
11935	False
27033	True
16993	False
24423	False
26095	False
5697	True
25887	False
19887	True
21414	False
8998	True
34405	True
28798	True
28743	False
32223	False
8463	False
13436	True
12866	True
12167	True
13185	True
7293	False
12369	True
833	True
17164	False
795	False
30271	True
27539	True
11726	True
5860	True
27575	True
35118	False
16348	False
12766	True
6968	True
32570	False
21716	True
19851	True
9018	False
8246	True
638	False
27588	True
35552	False
29939	True
11034	True
13196	True
33186	False
33258	True
299	True
33782	False
6952	True
17050	False
23793	True
33737	False
6185	False
18966	False
23917	False
32666	True
16663	False
22486	False
4149	False
7905	True
32558	True
5284	False
2270	True
23588	True
4103	True
9882	False
2959	False
23657	False
17463	True
22632	True
14985	True
34038	False
4123	False
33563	False
34351	False
3224	True
3931	False
14581	False
651	True
3237	False
32913	False
9396	False
30807	False
8313	True
4642	True
19812	True
11004	True
14486	True
33902	True
10176	True
4975	True
30290	True
31645	True
28944	False
17146	False
27150	False
10156	True
17375	True
2476	False
10174	True
26278	True
27096	True
12636	False
12756	True
33494	False
8272	False
34522	False
6398	True
6427	False
32041	False
25699	False
2662	False
25222	False
21760	False
2976	False
8828	True
3274	False
8568	True
21028	False
33009	True
16011	True
3113	True
25220	False
30940	True
13535	True
33719	False
20571	False
29206	False
6734	False
4801	True
9125	True
17709	True
4637	False
24694	False
15050	False
31152	False
23040	False
35173	False
11923	False
26659	True
11928	True
20367	True
34865	False
26184	True
168	True
11765	False
25025	True
4804	True
9863	True
21621	False
15507	True
6938	False
4941	False
3402	True
31527	True
24357	True
6747	True
31201	True
410	True
11464	True
22882	False
25902	True
28490	False
23392	False
17824	True
11930	False
31490	True
23177	True
24521	True
23415	True
23857	True
21612	False
22322	True
20695	False
7373	False
17726	False
1237	False
31741	True
11234	True
24184	True
22699	False
22784	True
3133	True
32815	False
3316	False
1604	True
28616	True
22911	True
7311	True
27367	False
4533	False
3005	True
33185	True
15451	False
4004	True
7411	False
6920	True
13992	True
6296	True
17762	False
18874	True
12189	False
12072	False
6066	True
35111	False
30233	False
22100	True
13025	True
3013	True
16777	True
11322	True
27268	True
28667	True
33800	True
25128	False
20431	False
31981	True
16379	True
16749	False
4163	False
23569	True
13342	False
21615	True
4762	False
20099	True
10877	False
454	False
13169	True
1781	False
28871	True
35002	False
26071	False
10151	False
28963	False
229	True
12121	False
5891	False
1712	True
30305	False
26199	True
26063	True
13666	False
20425	False
23691	True
26222	False
25163	True
18825	True
17078	False
25537	False
5720	True
4135	True
6349	False
4202	False
3837	False
35191	False
33963	True
17151	False
16360	True
11646	False
1483	True
24788	False
21233	True
34106	False
10835	False
11803	False
13476	False
18882	True
32426	False
28341	True
15430	False
572	True
3686	False
11873	True
654	True
5277	True
5252	True
19772	True
21835	False
19841	False
21276	False
17410	True
26777	True
26267	True
6876	True
32076	False
8869	True
26177	False
22902	False
11822	True
14234	True
21582	False
34745	False
17570	True
33831	True
7618	True
14997	True
34263	False
2624	True
26624	True
25628	True
7145	False
23352	True
18593	False
30237	False
9623	False
29365	True
29649	False
4694	True
22729	True
20608	True
1356	False
31828	True
31295	True
5489	True
27234	False
28571	False
32904	False
35300	True
3583	True
13401	False
15748	True
22380	False
19910	True
4536	False
8841	False
434	True
15369	False
14217	True
4080	True
8151	True
33120	True
33671	True
4549	False
6540	True
6559	False
1106	False
30480	False
19042	False
26741	True
9324	False
17034	True
16521	False
21172	True
32865	True
22259	False
27067	False
12838	True
13078	True
28384	True
7721	True
30572	True
467	False
10001	False
26547	True
8448	False
22026	False
20666	False
15560	True
12355	False
16377	True
10552	True
17829	True
24711	True
14904	True
8580	True
21466	False
17578	False
13119	True
27661	True
11397	False
20620	True
20622	False
22830	False
6127	False
12583	True
11732	True
14615	True
5442	False
11086	True
5281	False
32163	False
675	False
13706	True
16486	True
4306	True
1117	False
27324	False
12007	False
29118	False
76	False
7252	True
8264	False
34743	True
34187	True
16515	True
29098	False
10868	False
21356	False
26917	False
27837	True
29524	False
4618	False
32308	True
28305	False
21258	False
34633	True
11597	False
6527	False
6205	False
18916	False
31365	True
26230	True
10276	True
23933	False
5387	False
34014	True
25697	True
34861	True
32101	True
8893	False
31864	False
5654	True
26523	True
11821	False
23835	False
20981	True
19374	True
16451	True
27528	True
12702	True
18055	False
24657	False
15568	True
35092	False
22512	True
27979	True
18626	False
24762	True
27516	True
4076	True
17239	True
28372	True
23632	True
31275	False
14580	False
34113	True
12672	False
11452	False
34375	False
16940	True
2301	True
2013	True
16414	False
15594	True
13541	True
8622	True
7143	False
5661	True
15216	True
20452	False
10413	False
8080	False
22420	False
26216	False
11773	True
17982	False
9748	False
19377	False
25051	True
13093	True
24518	False
2093	True
33424	False
26409	True
8801	True
25994	True
6484	True
6104	False
11991	True
10627	True
26952	True
34010	False
35513	True
3606	True
15659	False
21371	True
26494	False
5588	True
2562	False
2393	False
8073	False
26453	False
29935	True
25478	True
216	False
20553	True
26660	False
6162	False
31200	False
11645	False
29317	False
32756	True
19945	False
29766	False
16924	True
35306	False
9695	True
18710	True
30796	True
31208	True
12683	True
21037	False
4317	False
10733	False
10886	True
33036	False
23318	False
26097	True
7	False
14932	True
20324	False
13313	False
6244	True
9240	True
17500	False
18770	False
33965	False
21038	False
7298	True
1244	True
32918	True
23758	False
27133	False
10379	True
17663	False
2457	True
18371	True
23300	False
12814	True
1908	False
25438	True
17033	True
9658	True
19766	True
20151	False
12620	False
1487	False
32831	True
33133	False
14887	False
26577	False
210	True
11777	True
2464	True
19525	True
28766	True
10888	False
18476	True
2178	False
12535	False
18359	True
9231	True
83	True
2883	True
23553	False
26065	True
32071	False
5348	False
27294	True
28815	True
20880	True
24709	False
31640	True
2661	False
10391	True
30824	True
22540	True
26838	True
27295	False
24301	True
30196	False
962	True
13674	False
1026	False
4709	True
35046	True
33128	False
25057	False
9995	False
33492	False
19394	False
2190	False
33250	True
289	True
23907	False
24339	True
28643	True
20024	False
15668	True
23794	True
22070	True
28579	True
31343	True
24895	True
18477	True
34094	False
2429	True
2450	False
4973	False
22395	False
5724	True
21463	True
25411	True
10576	False
22254	True
7230	True
13604	True
34797	True
2103	True
16964	False
2574	False
23412	False
24794	False
30036	False
8034	True
30654	True
14768	True
30863	True
11856	True
3204	False
3521	False
34100	False
12232	True
23044	False
20993	False
24923	False
10130	True
21314	True
2448	False
12769	False
15339	False
6381	True
23819	False
2453	True
29080	False
35461	False
26975	True
7539	False
29321	True
11888	False
31441	False
17281	True
2734	True
25528	False
20942	True
2351	True
10961	True
29746	True
18762	False
33583	False
14964	False
7353	False
17559	True
26918	False
3695	True
5369	True
27462	False
22217	False
31783	False
15670	True
10872	True
7958	True
5206	False
9327	True
18284	True
9235	False
22973	True
11982	False
28043	True
30103	True
26090	False
27453	True
5224	False
34341	True
34761	False
17484	False
24161	True
19716	True
23765	False
28655	True
5013	True
3070	True
401	True
24391	False
16565	True
7475	True
4697	True
24700	False
6852	True
2080	True
5987	False
12912	True
26008	False
29640	False
3151	False
26055	True
13240	True
14248	True
17336	True
21812	True
7830	False
14348	True
24226	True
16854	False
20135	True
6502	False
3635	True
22309	True
17692	False
26378	True
6657	False
25523	True
1573	False
35268	True
462	False
9975	False
511	True
35396	True
24835	False
21148	True
18576	False
9905	False
2235	True
8250	False
13317	True
2181	True
24392	True
27935	True
19204	False
27951	True
28839	True
1412	False
20220	True
9113	True
30126	False
22112	True
8500	False
30989	True
27175	True
17884	False
16573	False
2943	True
10339	True
34661	True
624	True
16587	True
20773	True
31667	False
30380	False
34474	True
6046	True
22245	False
5091	False
7008	True
9305	False
33645	True
25092	False
24448	False
17608	False
24387	True
25363	False
1180	True
7821	False
34767	False
32510	True
7299	True
22777	False
12685	True
6396	False
411	True
34551	False
10005	True
9302	True
35137	True
15259	True
31821	False
32714	True
19905	False
11059	False
6770	False
30895	False
3422	True
4678	True
10322	False
14356	False
30943	True
14812	True
6847	True
13642	True
16864	False
9815	True
34096	True
8754	True
33735	True
23832	True
21667	False
2038	False
1995	False
11515	True
19826	True
26377	False
22102	False
9911	True
8275	False
8302	True
21966	False
34129	False
7768	False
1720	True
13475	False
12721	True
33689	True
476	True
25130	False
4591	True
5033	False
9579	False
14723	True
28144	False
20922	False
9351	False
31764	True
27950	True
13627	True
26133	True
30586	True
33702	False
19858	True
4303	False
21047	True
3020	False
24214	False
30906	False
28366	True
8055	False
10025	False
30459	False
8102	False
1508	True
21735	True
5329	False
3585	True
20906	False
19428	True
4711	False
19435	False
995	True
1405	True
14837	True
31784	True
28675	True
16527	True
2600	False
5191	True
26591	True
25838	False
35070	True
30644	True
21455	True
28652	True
19895	False
25513	True
31160	False
31654	True
7266	False
20306	False
10662	False
23471	True
6916	False
13677	False
24691	False
11391	False
13628	False
19744	False
22621	True
19903	False
3141	True
27870	True
24539	False
11733	False
20388	True
5416	False
17848	False
22214	True
26304	True
18093	False
14187	False
1747	True
7193	True
28423	True
30447	True
1920	False
3488	False
14063	False
18872	True
25507	False
12307	True
19815	False
4133	True
23709	True
1288	False
32001	True
9610	True
235	False
8294	True
31742	False
17173	True
32168	False
2955	False
28162	False
17314	False
1221	True
34416	True
17931	False
26151	False
24516	True
34828	False
29383	True
31420	False
21342	False
26411	True
24334	True
9191	True
969	False
10773	False
28547	False
4719	True
18301	True
9214	True
11520	True
13907	False
4444	False
27429	True
33426	False
21691	True
10099	False
25557	False
24251	True
25941	False
1708	False
28483	False
28833	True
17122	False
14761	True
34197	False
31708	False
32814	True
18975	True
31851	True
16619	False
20792	False
34426	True
4200	False
19135	True
27851	True
13471	True
10342	False
13175	True
26068	False
11486	True
24159	False
27761	False
16899	True
24418	False
22119	False
2652	True
26166	True
3904	True
23753	False
20825	False
17758	True
1535	True
14800	True
34295	False
2250	True
1032	True
10760	False
17369	False
28905	True
19444	False
6146	True
24918	False
18684	True
5945	False
32020	True
24095	True
14408	True
29721	True
34097	False
32386	False
35305	False
30653	True
17053	True
15151	False
5683	True
10347	False
26883	True
3637	False
34594	True
3753	False
16398	True
25546	True
7042	False
895	True
15167	True
1969	True
7775	True
34548	False
8529	True
31605	True
26672	True
17834	False
28362	True
21540	True
22497	False
27607	True
20873	True
22196	False
7729	False
9464	False
12208	False
33184	False
17649	True
13741	True
4323	False
26742	False
22433	True
6409	False
14372	False
34519	True
7207	True
112	False
673	True
4764	True
30736	False
6945	True
17299	False
32461	False
7752	False
25160	True
27705	False
15738	False
19589	True
30118	True
18220	True
7542	True
21912	False
863	True
13165	False
12385	True
10894	True
4440	True
7385	False
17524	True
11103	False
14701	False
16431	True
33143	True
5061	False
19156	False
13485	True
25741	False
34904	False
4001	False
16320	False
31660	False
19335	False
9159	True
16303	True
14966	True
33461	True
2292	True
4539	False
32202	True
94	True
513	True
34152	False
28689	True
31754	True
2599	True
17309	False
7329	False
3808	True
4654	False
33678	False
8488	True
23166	True
19436	False
23390	False
15275	False
29668	False
33880	True
9606	False
7032	False
7105	False
1019	False
10539	True
20908	False
29563	False
2219	False
5114	False
2669	False
981	True
26840	True
10252	True
10291	True
10904	True
8187	True
24413	False
11543	True
23382	True
1343	False
1925	False
18518	True
381	True
8363	False
8177	True
24922	False
33901	False
11254	True
28117	True
12252	True
24985	True
5525	True
26088	True
9013	True
11133	True
10852	False
24116	False
8741	True
33706	True
2680	True
18514	True
3624	True
5096	False
6595	False
16775	False
20203	True
5312	True
4519	True
27900	False
35413	False
31101	False
7389	True
15184	False
21821	False
30034	False
27824	True
22772	True
14150	True
16402	False
24506	False
12567	False
18560	True
6472	False
28982	True
21554	True
818	False
22161	True
7302	False
35313	False
4114	True
32867	True
65	False
21696	True
26707	False
14329	True
28595	True
9724	True
19711	True
30857	True
18273	True
20174	False
265	False
10108	False
19030	True
33113	False
21486	False
28034	False
31729	True
111	False
34921	True
5024	False
31863	True
798	False
33425	False
27480	False
4053	False
5072	True
16308	False
26009	True
29534	True
5102	True
11121	True
3484	False
27282	True
28231	False
613	False
12021	True
11393	True
24888	True
12456	False
3139	True
4927	True
30435	True
27310	True
34342	True
26685	True
22638	True
10307	False
17659	False
24766	True
20146	False
7470	True
3183	True
20657	True
5133	False
6939	False
4099	True
11966	False
20939	False
18610	False
5243	False
8024	False
14548	True
20907	False
28775	True
15493	False
33060	True
8119	True
14710	True
4682	False
13943	True
445	True
23212	False
24124	False
23365	True
4581	False
30921	False
11846	False
73	False
34067	False
8063	True
11293	True
396	False
27218	True
34402	True
33049	False
31819	False
2110	False
4656	True
34950	True
25740	False
33216	True
33093	True
35127	True
4077	False
27679	True
3114	False
7483	True
3898	False
5414	True
15532	False
3464	True
9291	True
27794	False
12580	False
7888	True
23563	True
8895	True
14407	True
13260	True
1227	False
30357	True
2564	False
32432	False
14282	True
10237	True
2229	True
22977	True
9574	False
12498	True
4452	True
2835	True
15105	True
18122	False
25353	True
2737	False
33467	True
24728	True
12986	True
34997	False
13941	True
6551	True
19571	False
32419	False
4151	False
8943	False
5174	True
11446	False
10741	False
245	False
14454	True
22837	True
8145	False
29181	True
25316	True
25644	False
8401	True
22888	True
5788	True
10946	True
30371	False
35442	True
26243	True
12084	False
24459	True
17895	False
14734	True
34498	True
24777	False
17341	False
26146	False
26452	False
11884	False
16227	False
27599	False
19737	True
34042	False
29708	True
1501	False
23507	False
16502	False
24981	True
31266	True
27120	False
34766	True
1936	True
23113	True
15958	True
34114	False
12968	True
12874	False
31730	False
34597	False
18708	True
10902	True
17657	False
15473	False
12895	False
18524	True
20334	False
23281	True
3125	True
7968	True
28748	False
14838	True
11590	False
24963	False
31347	False
13183	False
2730	False
11353	False
29319	False
6739	False
33298	False
12532	True
8882	True
7853	True
25408	True
6187	False
24355	True
27139	True
10053	False
19412	True
13133	False
13424	True
6380	True
20109	True
33141	True
12482	True
2192	True
3408	False
24876	True
27207	True
737	False
21870	False
13900	True
28261	True
4943	True
18242	True
13409	True
12638	True
20888	False
3123	False
1203	True
19750	True
22508	True
17935	False
4265	False
12706	False
29745	False
12540	True
30487	False
12550	False
14992	True
3308	False
18228	False
17693	True
16081	True
2788	False
30367	True
4170	True
28639	True
10487	False
13951	True
32412	True
1919	False
15801	False
17933	False
29020	True
34403	False
33545	False
15195	True
35149	False
9706	True
7734	False
22580	False
15969	True
4227	True
1713	True
26740	True
11113	False
24504	False
4646	True
32199	True
10649	False
20025	False
33836	True
24230	True
34466	True
30246	True
30098	False
17520	True
20062	False
14658	True
30898	True
34573	True
13861	False
31439	False
19357	False
2462	True
33296	False
14144	True
14656	False
379	True
32626	False
20775	False
28845	True
20539	False
30515	False
16101	True
5463	True
29360	True
2759	False
35347	False
2521	False
10497	True
17806	False
26029	True
20175	False
20989	False
33428	True
21820	False
3146	True
9329	False
11713	False
9933	False
5168	False
15555	False
32318	True
25056	True
27895	False
32075	False
14876	True
22093	True
3762	True
29740	False
21166	True
576	True
11563	True
225	True
16207	False
681	False
8071	False
24612	False
24619	True
32784	False
27471	False
32392	False
501	False
33621	True
8891	True
1579	True
29289	True
18716	False
17817	True
4297	False
3750	True
11253	True
17279	True
16415	True
6401	True
24771	False
14488	False
6733	False
3963	True
31698	True
31416	False
24372	True
15641	False
10270	False
9220	True
33268	True
12220	True
71	True
2031	True
25495	False
7655	False
23202	False
2095	False
13957	False
34584	True
6882	True
13678	True
29144	True
12715	False
25182	False
201	True
5907	False
5047	False
27564	True
13076	False
24758	False
13794	True
8425	False
1158	True
1123	True
18432	False
27343	False
158	True
18114	True
27939	False
450	False
25087	False
11823	True
25496	False
9318	True
33765	True
9877	True
16147	False
6546	True
15452	False
12159	True
383	False
295	True
31155	True
11793	False
20037	True
15915	True
22337	True
23846	False
7437	False
17767	True
2857	False
28619	True
8660	False
34757	False
14072	False
20827	True
16048	True
21695	False
34214	False
11302	False
3279	True
28577	False
15544	True
5003	True
33042	False
18154	False
11158	True
9507	True
31444	False
11027	True
26746	True
34835	False
28070	False
31071	True
12872	True
4089	False
30304	True
1383	True
61	False
1627	False
10693	True
2234	False
16947	True
20328	False
15538	False
19801	False
6765	True
26613	True
16564	False
14219	False
1889	False
20615	True
28780	False
19929	True
10831	True
29716	True
21081	False
33200	False
25430	False
14014	True
24129	True
188	False
23464	False
4857	False
5468	False
30426	False
7419	False
12934	False
20110	True
12806	False
27721	True
16839	True
10962	False
14902	False
30111	False
21816	False
30252	False
35470	True
10909	True
29413	True
33167	True
16133	True
20044	True
3815	False
6397	True
33028	False
6803	True
22048	True
6391	True
24398	False
26691	False
24957	True
26501	False
5088	False
680	False
9311	False
24408	False
2353	False
30197	False
18316	False
6400	True
6874	True
10321	False
22631	False
24044	False
13972	True
34751	False
9461	False
19065	True
7184	True
25397	False
17134	True
9786	False
767	True
7629	False
11781	True
32227	False
20392	True
21494	True
31515	True
13789	False
35105	True
16630	False
30967	False
27085	True
24284	False
29520	True
3567	False
26412	True
7673	True
19427	False
23898	False
21548	True
32374	True
283	False
34325	True
1637	False
21409	True
16759	True
34963	True
28156	True
9640	False
18188	False
14945	False
13383	False
12237	True
29803	False
27103	True
19449	True
6357	True
18793	True
33941	True
4897	True
30432	False
15891	False
18041	True
27387	True
30877	False
35337	False
12960	False
9320	True
25810	False
6052	False
27971	True
33961	True
17149	True
21982	False
1311	True
21054	True
8242	False
33351	False
21235	True
15395	True
3608	False
16913	True
23490	True
509	True
25845	False
16537	True
23532	False
24839	True
14667	True
10085	False
29724	False
13737	False
19602	False
10709	True
16936	False
3058	True
2511	False
11866	False
23314	False
15772	True
24737	True
4476	True
631	False
9735	True
30048	False
22814	False
20359	False
16495	False
12682	True
8492	True
16190	False
11872	True
18599	True
18266	False
17047	True
6886	False
27181	False
6757	True
13597	True
21682	True
31239	False
7159	False
22528	False
24312	False
21774	True
26130	False
7278	True
21247	True
18167	True
10000	True
16601	False
24936	True
19148	True
4141	False
7852	False
21750	True
24726	False
12147	False
10141	False
18459	False
23481	True
27674	False
4009	True
29090	False
33249	False
24715	True
2451	False
14159	False
22039	True
26738	False
304	True
32722	False
29411	False
26208	True
29433	True
4627	False
11252	False
32728	True
10951	False
10929	True
23299	True
12388	False
8614	False
1543	False
31973	False
19820	False
12398	True
26114	False
4132	True
20971	False
30334	True
1374	True
15872	True
7704	True
33584	False
31045	False
5423	False
4807	False
9756	False
3471	True
34270	False
13274	False
2285	False
685	False
8752	False
14940	True
18682	True
34945	True
17851	True
6275	False
2299	False
13018	False
9588	False
14447	True
15571	False
24198	False
27886	True
7398	False
8961	True
28302	False
6621	False
2822	True
32825	True
28903	True
30813	False
26960	False
29552	True
11701	False
11429	True
2700	False
19878	True
3339	True
570	False
30676	False
24176	False
19865	True
1768	True
14674	False
27860	True
5138	False
28389	True
29600	True
8963	True
32634	True
30493	False
1763	False
34336	True
29992	True
279	True
22360	False
4822	False
6370	False
3398	True
34793	False
26595	False
29750	True
31238	True
34370	True
8577	False
26983	False
16768	False
22436	True
10403	True
23680	True
18504	False
11341	True
6234	True
18304	False
26986	True
22800	True
24143	True
16989	True
35041	False
3187	False
2514	False
12010	True
25850	True
19514	True
15717	False
13115	False
13340	True
17163	True
18976	True
7899	True
1240	True
32252	False
26647	True
6981	True
5899	False
13551	False
1377	True
23251	True
20759	True
22944	True
19517	False
4537	True
14703	False
16522	False
31024	False
15950	False
7274	True
15350	False
5846	False
8541	True
24962	True
2115	False
580	False
20467	True
23914	False
15404	False
13908	False
6979	False
6395	False
15061	False
33988	False
26025	False
1222	True
2868	False
16017	False
9879	False
23737	True
1217	False
24332	True
12057	False
6319	True
2828	True
16352	True
7685	False
15090	False
33817	True
24062	False
19956	False
18858	False
22441	True
26601	False
429	True
6596	True
34378	False
32575	False
15414	True
12896	True
4916	False
34095	False
26432	True
12429	False
31288	True
3589	False
16659	False
9646	False
32355	False
1315	False
9352	False
9034	True
15763	False
35057	True
33502	True
20577	False
30507	False
31485	False
2279	True
10310	True
26596	True
24857	True
31191	False
28537	True
21965	False
34013	False
144	False
2801	False
17302	True
35538	True
25073	True
24945	True
2447	False
5725	True
21213	True
15101	True
25241	False
2312	False
29253	False
16646	True
16825	True
2308	True
12222	False
6496	False
1798	True
15644	True
23616	False
7107	False
28215	True
31005	False
33486	False
25159	True
18235	False
29198	False
18898	True
9810	False
2580	False
25432	True
20691	True
7371	True
5150	True
23461	True
15016	True
13982	True
8322	False
14362	True
8296	True
543	False
8766	True
25187	False
28961	False
20890	False
6761	False
25521	False
20798	True
2268	False
23589	False
4019	False
14924	False
28331	False
4011	True
11956	True
22802	False
10015	True
14465	True
12597	False
15599	False
32686	True
31776	True
27625	True
13790	True
18970	True
25269	False
5685	True
10338	False
11600	True
1195	True
21482	True
4221	True
6428	True
26174	True
5777	False
34555	True
31342	False
25296	True
29355	True
15613	False
24670	False
26957	False
9392	True
29010	False
30841	False
4912	False
19257	True
29330	True
29167	True
29485	False
24632	True
9648	False
9098	False
6025	True
3104	False
18595	False
15336	True
34562	True
30366	False
19531	False
14789	True
27809	False
19572	True
6777	True
34569	False
11239	False
17255	True
22111	True
24801	False
22779	False
9279	False
30439	False
10992	True
26665	False
22629	True
12545	False
22924	True
20286	True
16520	True
27384	False
20820	False
35434	True
12382	True
28004	True
11026	True
6009	False
4063	False
32004	True
30028	False
20990	False
17238	True
26083	True
5177	True
26568	False
20457	False
4375	False
14338	False
31506	False
12923	True
29259	False
14807	False
15565	True
34322	True
2823	False
27651	False
19432	True
3772	False
1210	False
3431	False
23105	True
30860	True
11652	True
14881	True
29140	False
3881	False
5255	True
20068	True
23405	True
22027	True
9793	True
9439	True
705	False
26941	True
30573	True
22952	False
33432	False
27814	True
31673	False
26608	False
25827	False
17139	True
12810	False
7808	True
9974	True
15001	True
32897	True
7297	False
27356	False
34436	True
29402	True
26728	True
28048	True
5256	True
14619	True
22622	False
31974	True
27156	True
30046	True
3350	True
7818	False
14605	True
20638	True
9819	False
19512	True
8787	True
2477	False
15729	False
8729	True
22758	False
19188	True
14743	True
2627	False
1439	False
4491	False
7284	False
23488	True
19504	True
30198	False
27862	False
5767	True
25234	False
12563	True
32951	False
1035	False
12790	True
23494	False
9459	False
7827	True
35361	False
2191	True
4341	False
23010	False
10340	True
28746	True
31836	False
26814	False
22552	False
35527	True
31933	False
24786	True
14601	True
615	True
21913	False
10504	True
27739	False
10883	True
31142	True
16611	False
29351	False
12961	True
4479	False
4756	True
10485	True
21425	True
4067	True
8321	False
32376	True
12386	False
21083	False
8547	False
19214	False
35073	True
14967	False
26433	True
27984	False
21655	True
15000	True
34418	False
26367	True
23125	True
745	False
16294	False
28506	False
28711	True
4760	True
24992	True
19502	False
14725	True
27560	False
517	False
19175	False
35102	False
33888	True
7038	False
35432	False
10612	False
8967	True
9854	True
6488	False
15078	True
26162	False
31278	True
30833	False
13378	False
6495	False
16122	True
3562	True
21184	True
32490	True
21170	True
1489	False
31141	True
586	False
7388	False
27567	True
3307	True
7623	True
20619	True
24223	False
31685	False
20369	True
24057	False
28807	True
12868	False
16046	True
729	True
12772	True
40	True
11120	True
26160	True
23802	False
18502	False
14594	False
13947	False
22413	True
2433	True
35193	True
39	True
29528	False
32976	True
9652	False
5076	True
12508	True
17643	True
25217	True
1787	True
31894	True
10672	False
25088	False
4330	False
2992	True
17010	True
11015	True
27043	False
22299	True
7917	True
29922	False
23315	True
32047	True
19701	False
31958	False
25934	False
12480	False
398	True
23997	True
16026	True
28059	True
31051	True
32707	True
21165	True
27185	True
3341	True
82	False
9404	False
28377	False
35449	True
2493	False
25756	False
26016	False
8056	False
30278	False
17803	True
20703	True
21188	False
11472	False
31994	True
34606	False
35192	True
21886	True
16345	False
3291	False
24640	False
32315	False
14034	False
23127	True
24217	False
23254	True
15387	True
6572	True
15673	False
28101	False
16927	True
26044	True
33564	True
21086	False
25392	True
3954	True
30253	False
35244	True
34081	True
13875	True
29507	True
20525	True
14065	False
10563	False
29127	False
9703	False
2199	True
8723	False
19906	True
19422	False
20329	True
34629	False
12240	False
12833	False
27995	False
9377	False
3630	False
20136	True
5950	False
15082	False
13837	True
6764	True
32332	False
23474	False
18711	False
22605	True
28076	False
13251	False
35152	False
12688	True
1836	False
33074	True
21440	False
5637	False
15179	True
33685	False
6002	False
1930	False
21180	True
23527	True
24790	True
27538	True
7702	True
23566	True
31390	False
26812	False
19770	False
14228	True
25849	True
22596	True
31980	False
29103	True
7683	True
7846	True
1991	False
18910	False
24235	True
19700	False
21158	True
23886	True
6345	True
35414	False
20542	True
30537	True
11011	True
3349	False
26916	True
33472	False
13685	False
2240	True
3353	False
21629	False
988	True
8133	False
18184	False
20603	True
1071	False
11203	False
25830	False
25692	True
3214	True
13756	True
4378	True
374	False
23526	False
25948	True
3060	True
22283	True
26089	True
24327	True
33163	False
22385	True
18685	True
28834	True
24974	False
33741	True
18715	False
34618	True
4368	True
17689	True
11261	False
17601	False
9963	False
10233	False
7188	True
30645	True
408	False
29602	False
33230	True
34507	True
33223	False
28457	True
19791	False
9294	True
3468	True
19241	False
21480	True
16449	False
29858	False
11276	False
20374	True
4467	True
28202	False
6476	False
10216	True
3452	False
11200	True
27773	False
6644	True
26652	True
24556	False
2278	True
28487	False
10083	True
26542	False
28209	True
23864	False
19165	True
10407	True
6663	False
7118	True
4424	False
32039	True
19872	False
10724	False
21389	True
12447	True
4291	False
35181	False
11572	False
8853	True
14820	True
29285	True
23860	True
11270	False
2041	False
9249	True
35082	False
11920	True
16173	True
29435	True
26905	True
23538	True
25518	True
30414	False
12206	False
25475	True
16152	False
12948	False
32519	True
18231	True
3003	False
12893	True
15702	True
19715	True
14118	False
13801	True
22755	False
31865	True
7217	True
18986	False
28268	True
4695	False
30778	False
5173	False
16558	True
6191	True
19139	True
26859	False
15546	False
17408	False
5482	True
11416	False
27527	True
20277	False
9839	False
14538	True
33668	True
7809	False
34358	False
14165	True
22725	False
15505	True
20096	False
9120	True
1957	True
33679	False
5560	True
28681	False
13795	True
2785	True
31263	False
7760	True
332	True
2663	False
1766	True
34455	True
33825	True
20192	True
20647	True
16138	True
4571	False
9463	True
31067	False
1136	True
24293	False
18732	False
17981	False
18270	False
21218	True
29814	True
29239	False
13836	False
5231	True
23871	False
2406	True
13097	True
21952	False
28754	True
1156	True
18325	True
34410	False
8910	True
26585	False
812	False
9761	False
29308	True
34524	True
6243	False
6277	False
7024	True
13613	False
30134	False
3812	False
14227	False
9207	True
22450	False
4433	True
7585	True
16926	True
14680	False
5956	True
35243	False
4590	False
8028	True
3250	False
17691	False
35012	True
28528	True
33633	False
11130	True
12931	False
13129	True
1887	True
32228	True
1422	False
18007	False
10111	True
30421	False
3545	True
13104	True
5346	False
16866	False
29509	False
18866	False
9148	False
3814	False
2200	False
3551	True
27755	True
15597	False
5186	False
2874	False
23861	False
34319	True
33225	True
7716	False
12949	True
26317	True
32247	False
13649	True
4632	True
35540	True
7430	True
989	False
10314	False
4059	True
27422	False
18869	True
9989	False
23208	True
19383	True
18176	True
5183	True
18366	False
33213	False
4896	False
34932	False
18309	True
4233	True
32505	True
544	False
18267	False
26999	False
27715	False
4088	False
19443	False
5242	False
20149	True
14916	False
9040	False
10779	False
560	False
8746	True
28320	False
2586	False
33075	True
26712	True
8333	False
16669	True
29947	False
9892	False
33097	False
14016	True
17766	True
2461	False
4869	False
12981	False
3454	False
22820	False
33711	True
22156	True
23827	True
34330	True
3941	False
12364	False
28526	True
22030	False
19915	False
29870	False
7876	True
22970	False
9542	True
21147	True
35545	True
2172	True
32834	False
21002	True
28249	True
23666	False
28212	False
29129	True
31452	True
1304	False
4609	True
19389	False
21746	False
15455	True
33577	True
13603	False
28842	False
13782	True
8640	True
455	False
2120	False
32885	True
28133	True
26912	False
25310	True
8396	False
23577	False
26178	False
33538	True
26654	False
1758	False
7045	True
31203	True
2690	False
749	False
35515	False
32618	True
22865	True
15868	False
11064	True
20997	True
31655	True
1038	True
24009	False
29409	False
15362	True
19242	False
19127	True
21094	False
7689	True
4326	False
29318	True
31145	False
12346	True
35171	False
23420	False
22178	True
25348	False
32085	True
11023	False
9453	False
321	True
28549	False
23211	True
20696	True
28851	True
7468	True
5276	True
946	False
3174	False
15368	True
19080	False
3426	True
8433	True
4639	False
11912	True
29615	True
10896	False
34340	True
33976	False
28582	True
33214	False
22471	True
25921	True
28374	False
14984	False
35006	True
7732	True
12073	False
29500	True
33377	False
31895	False
23910	False
2841	False
14979	True
23932	True
35255	False
9807	False
2297	False
31842	True
23761	True
23068	True
29001	False
20478	False
28091	True
22959	False
27923	True
8308	True
17091	True
11717	True
8696	False
5010	True
6279	False
14374	False
35307	False
14559	True
29076	False
24765	True
15020	False
9578	False
24763	True
7255	False
14190	True
20818	False
10738	False
34961	False
29638	False
33055	False
8981	True
18821	False
27750	False
15982	True
5751	False
19627	True
68	False
27205	False
13975	True
10969	False
11375	False
17808	True
30834	True
18967	False
14970	True
7658	False
18367	False
29662	True
8493	True
28496	True
487	False
5295	False
18348	True
6441	False
26646	True
27848	True
6359	False
24821	False
571	False
17237	False
34060	False
13916	False
17227	False
14347	False
21521	True
18494	True
329	True
137	True
28356	True
9874	True
16472	True
33289	False
11696	True
35386	False
7931	False
35239	True
21109	True
11958	False
7949	True
27238	True
5582	True
269	True
13170	True
30810	True
28016	False
20560	False
11032	True
32573	True
2158	True
4319	False
13846	True
12158	True
10770	True
9795	False
4763	False
26509	True
22021	False
721	True
15161	True
13367	False
8175	True
10543	True
22012	True
15775	False
33692	True
849	False
20749	True
32764	True
31590	False
9197	True
33912	True
13553	False
34277	True
27394	False
30188	True
30206	True
34529	True
15488	True
28497	True
6470	True
13777	False
19499	False
12348	True
29326	True
23929	False
16817	True
26260	False
30854	True
18069	False
2790	True
5830	True
21058	True
1849	True
24636	False
32715	True
3345	True
5462	True
28523	True
8416	False
17695	False
9887	False
25712	True
3927	True
11180	False
13772	True
9796	False
14802	True
21861	False
22798	False
24386	True
21817	True
14883	False
14194	True
3164	False
34570	True
33566	False
2130	False
3739	True
15556	True
3002	True
4506	False
27806	True
15851	False
9059	True
21883	False
15797	False
23213	True
32241	False
8757	True
32542	False
4833	True
4863	False
29496	True
3922	True
2014	True
23021	True
34804	False
30975	False
24756	False
27142	False
17715	False
10923	True
21100	False
25024	True
27347	False
758	False
12063	True
34512	True
35363	True
20726	True
8444	True
17873	False
20842	True
16649	True
16252	False
5969	True
11618	True
17174	False
31285	False
34782	False
18090	True
2595	False
23142	False
4890	False
12757	True
19213	True
25981	True
13017	True
24578	True
24055	True
11343	True
10034	True
35484	False
8879	True
33857	False
10768	True
2399	False
2494	True
21059	True
23106	False
10346	True
15170	False
12053	False
19837	True
9609	True
14919	False
25454	True
12034	True
13656	True
23893	False
17826	True
34883	True
31877	False
32249	True
5644	False
29208	True
21849	False
33794	False
1468	True
4327	False
7309	True
29845	True
22785	True
15370	False
16603	False
30031	False
22689	False
30617	False
31219	True
18759	False
5347	True
4228	True
26347	False
20541	True
20266	False
6469	True
1065	False
14482	False
22963	False
35446	True
19909	False
32968	False
9883	True
20901	True
14986	True
8632	False
34613	False
15928	False
18428	False
7684	False
4069	True
668	True
6126	False
20206	True
843	True
32443	True
35534	False
28289	True
27591	False
6850	False
33516	False
21496	False
12795	False
20708	False
14814	True
33501	True
30563	True
22923	True
10847	True
2226	True
6487	False
2063	True
34292	True
4972	False
32153	False
8081	False
20744	False
8343	False
19765	True
26021	False
26172	True
6654	False
7567	True
8158	True
18034	True
19078	False
30767	False
33517	False
2513	False
2808	False
9512	False
9757	False
34154	True
28444	False
2388	True
3459	True
13658	True
20780	True
32394	False
3558	False
24437	False
4003	True
25066	False
25809	False
31477	False
11801	True
25983	False
13005	True
4105	False
20038	False
23952	False
17329	True
6299	True
17545	True
6112	False
27386	True
7071	True
14738	True
593	False
9861	True
21627	False
10680	True
16633	True
12446	False
1372	False
5473	False
17980	False
18992	False
25003	False
10180	True
16999	False
26116	True
8386	True
16827	True
24451	False
4944	True
23332	False
7399	False
28797	True
16232	True
4264	True
32217	True
24944	True
19666	True
29517	False
27852	True
13033	False
14195	True
28072	True
25662	False
14337	True
11747	False
23788	False
8238	False
18838	False
3629	False
29594	True
1640	True
24955	True
3525	True
19064	False
34190	True
21436	False
9487	True
5929	True
26244	True
29304	True
27007	True
18840	False
11046	True
1701	True
4478	False
30247	False
31869	True
4464	True
7991	True
24139	True
18436	True
25576	True
21910	True
7633	True
5813	True
22182	True
15590	True
15487	False
19507	True
10127	False
8821	True
8278	True
12489	False
27778	True
12291	True
13245	True
29021	True
16117	True
25949	True
24193	True
1297	False
19619	True
33644	True
17382	True
33279	True
21560	True
5007	True
16774	True
34829	False
2060	True
4369	True
29473	True
10797	True
13520	True
32401	False
13330	True
2949	False
15140	True
24899	False
13879	False
27656	False
27606	True
34264	False
35277	False
12354	True
2895	False
3001	False
22024	False
32060	False
30612	True
4127	False
23189	True
13392	False
20929	False
7002	False
27884	True
16123	True
17380	False
26425	True
32675	True
12609	True
3466	False
29743	False
24457	False
7397	True
10231	True
10218	True
4677	True
22149	False
12212	True
21077	True
22150	True
9555	True
2731	True
32397	True
6935	False
11677	True
16158	True
13865	True
16879	True
4391	True
6677	False
8725	True
15543	False
3680	False
18894	False
17835	False
16907	True
12163	False
29942	False
29058	True
35384	False
9411	False
9492	False
7356	False
4180	False
27267	False
10098	True
33392	True
418	True
8644	False
1796	True
34822	False
24597	False
30292	False
32364	False
747	False
22579	True
10609	True
11450	False
16965	True
1911	False
22917	False
8700	True
7140	True
2333	False
4891	True
16107	False
24967	True
9286	True
23065	True
16750	False
3128	True
2159	False
1415	False
6959	True
1273	False
9673	False
9750	True
11532	False
14012	True
18564	True
34279	True
2460	False
15756	True
23806	True
12724	False
5200	True
13512	False
11021	False
26981	False
19640	True
10988	True
28066	True
10472	False
18065	False
24829	True
26132	True
11534	True
19967	False
19271	False
32995	True
3581	False
23539	False
6811	False
7265	False
7195	False
9712	False
21101	False
2359	True
24745	False
27967	True
35457	True
9592	False
25226	True
8224	True
34984	True
32657	True
2701	False
18189	False
8799	True
20433	False
17865	True
6825	True
21228	True
23026	True
4356	True
15341	True
8076	True
26935	True
31628	False
23219	True
13397	False
2608	True
20964	True
9725	True
32760	True
3879	True
21279	True
30427	True
20806	False
15162	True
23478	True
18533	False
30631	True
18950	True
8966	True
12829	False
14875	False
20269	True
34853	False
11911	True
27171	False
16487	True
6414	True
28679	False
2280	True
779	False
4092	False
12693	False
20118	True
18478	True
14676	True
18202	True
7050	False
7401	False
32137	True
29070	False
6619	True
19163	True
4208	True
12836	True
24047	False
22926	True
29675	False
9972	False
25646	True
4370	False
15781	False
26337	False
34760	False
2019	False
14258	False
12373	False
15536	True
21223	False
8054	True
18144	True
8936	False
887	True
19890	True
23637	False
15548	True
34666	True
389	True
13370	False
28783	False
23038	True
22815	False
7919	True
18619	False
16401	False
14863	True
5972	True
2557	False
30642	True
4365	True
1567	True
10559	True
20300	False
12048	True
19323	True
31531	False
33199	True
3504	True
19958	True
2205	False
20886	False
9256	True
25270	True
31806	True
12338	True
8116	False
28120	False
14293	False
20100	True
26067	True
16077	True
22704	True
24026	True
18278	True
16134	False
32452	True
7491	False
24980	False
10564	True
7578	False
7871	False
31454	False
22391	True
21839	False
32717	True
667	True
29936	True
17402	False
32238	True
15128	False
2091	False
549	True
16778	True
35509	True
12574	True
204	False
5241	False
4474	True
34490	False
16251	False
27745	True
28098	False
27193	False
11160	True
16333	True
26992	False
31995	True
9020	False
25119	False
23283	True
31015	False
11638	True
12822	True
12586	False
18878	False
2831	True
24858	True
19091	False
6687	False
5746	False
22464	True
23378	True
8214	False
32181	False
9516	False
8019	False
10864	False
20881	True
14298	True
21638	True
5625	True
12023	True
7508	True
13745	True
2413	True
1947	False
1346	False
7080	True
33188	True
22229	True
11196	False
21407	True
13105	True
7408	False
17602	True
24049	True
13113	False
28194	False
24987	True
12042	False
28211	False
32616	True
5038	False
251	True
34372	False
17102	False
15687	False
2849	True
7169	False
17917	False
12821	True
14339	False
32971	True
4949	True
23592	False
14521	True
26307	True
10611	False
10335	True
11495	False
34957	False
31550	True
6946	False
18830	False
35218	True
243	True
11484	False
23329	False
32162	False
22670	False
17926	True
26768	False
4199	True
14655	True
30093	True
16162	True
20599	False
31387	False
29734	False
18541	True
12087	False
12804	True
17961	True
9445	True
32447	False
29152	True
13157	False
21132	False
28892	False
2066	True
14340	True
23736	False
20336	True
31846	True
25379	True
30668	False
22844	False
13026	True
10653	True
26145	True
24250	False
12768	False
23092	True
4836	True
3059	True
33550	False
27400	False
3982	False
262	False
13827	False
3254	False
1962	True
361	True
23675	True
25423	False
23082	False
16818	False
22841	True
32888	True
13893	False
7082	False
12734	False
16968	True
19256	True
6501	False
32266	True
25970	False
25018	True
9940	True
17660	False
22681	True
21289	True
22644	False
12635	True
4614	False
26086	False
31901	True
25198	True
29238	True
5309	False
29902	True
11556	False
14810	True
2263	True
32436	False
24059	False
8286	False
34376	False
18005	True
23612	True
14476	False
3444	True
17221	True
30608	True
10387	False
33280	True
22142	False
17535	True
4179	False
13847	False
25695	True
11814	False
15716	True
18064	True
12863	True
25372	False
21671	False
25955	True
1166	False
34383	False
34314	True
23895	False
3616	True
7272	False
19035	False
12647	True
3235	True
2518	False
28629	True
11568	True
16012	True
29685	True
3199	False
20547	False
12759	True
6532	True
28283	False
1438	True
15118	True
5570	True
15603	False
18429	False
24180	True
31462	True
8855	True
27633	True
9659	True
26802	True
21304	True
626	True
9675	False
2474	True
13453	True
26544	False
10395	False
7126	True
14359	True
6038	False
30272	False
34078	True
23409	True
19096	True
18536	True
1400	True
8743	True
26803	True
22495	True
31047	True
13751	True
30376	False
27875	True
22897	False
18875	True
26963	True
33967	True
8314	False
9561	True
29498	False
34415	False
7471	True
630	False
15572	True
34101	False
8498	False
24162	True
15871	True
8874	False
4785	False
29954	False
31393	True
30397	True
6650	True
7326	True
6253	True
6869	False
17278	True
5596	False
24911	False
10702	False
6909	True
32683	False
377	True
20747	True
32240	False
8248	True
16692	True
14568	True
28732	False
17286	False
27186	False
30660	True
118	False
14885	False
27134	False
6702	True
13283	True
20226	False
5090	False
10521	False
13919	True
15089	True
16708	False
21036	True
15510	False
12146	False
21400	True
33999	False
14431	True
22916	False
6042	True
10739	False
14327	True
16767	False
637	False
24639	True
29084	True
17735	False
28105	True
23697	True
9878	True
14300	False
16812	False
15005	True
34882	False
21842	False
15769	False
4861	True
18591	False
7551	True
23503	True
34658	False
26085	False
21186	True
11369	False
22275	True
22061	False
22656	True
33332	False
32494	False
18052	True
17731	False
27894	False
28661	True
20685	True
30144	False
16693	False
18073	True
1872	False
13384	True
17216	True
72	True
5290	False
27236	True
6730	True
29201	False
31609	True
4966	False
33560	False
26070	False
27681	False
19089	False
26919	False
18227	False
25272	False
12116	True
10268	False
32239	False
2264	True
11792	True
18039	True
33913	True
10859	True
2024	True
18018	False
3959	True
26078	False
19782	True
15199	True
15842	True
17229	False
32783	True
9386	True
21858	True
2273	False
22319	True
5017	True
66	False
7744	False
35421	True
34623	True
27313	True
8645	False
17353	True
1661	True
28420	True
7609	True
19037	False
5542	False
17165	False
14565	False
31686	True
34788	False
34838	True
19575	False
26048	True
20361	True
27243	True
5841	True
15957	False
21950	False
1688	False
21200	False
13596	True
5338	True
33014	True
30133	False
5370	True
1118	True
13285	False
34857	False
34646	True
23590	True
31446	True
7301	True
2626	False
28018	True
3206	True
24404	True
3619	False
7847	True
13353	True
2182	True
24592	False
12929	False
10411	True
32418	True
19793	False
6819	True
21904	True
2212	True
24137	True
7605	False
33175	False
12877	True
26276	True
1816	False
15298	False
35004	True
716	True
10663	True
5041	False
17621	False
1018	True
27050	True
12236	False
15824	False
20791	True
23631	False
35288	False
18816	True
25892	True
4889	True
30959	False
28104	False
27433	False
28009	False
32648	True
18164	False
3690	False
23282	False
10640	False
14536	False
30044	False
11664	False
8318	True
31891	True
15822	False
10043	False
33021	False
9779	True
9697	True
12285	False
20194	False
14252	True
32007	True
7868	True
1557	True
19727	False
28542	False
26466	False
11752	True
16008	True
7048	True
11790	False
34656	False
30356	True
9044	True
25340	False
2400	False
30412	False
25779	True
22387	True
33799	True
2743	False
10823	True
23379	True
21989	True
20512	False
6443	True
2572	False
7053	True
19108	False
3573	False
26642	False
17438	False
17305	True
18953	False
26464	False
31565	True
8767	False
1213	True
34430	False
31019	True
35232	False
26756	True
24913	False
19617	False
15202	True
24792	False
29291	False
31448	True
4898	True
3136	False
9243	False
5903	True
25916	True
14343	True
18358	True
7783	False
33337	False
27474	False
24011	True
31805	False
33927	True
35408	True
14588	True
16236	False
9237	False
9119	True
16241	False
31521	True
8833	False
31413	False
15553	False
22113	False
22386	True
3958	False
35512	True
13151	True
9848	False
35323	False
1617	False
22606	True
23916	True
28116	False
31043	False
21224	True
2797	True
23629	False
26849	False
14558	True
25957	True
34177	True
31543	True
31186	False
11119	False
27660	True
15941	False
5713	True
11887	True
17166	True
14832	True
11225	True
18455	False
11763	True
16566	True
6985	True
2213	True
23182	True
20722	True
1446	False
16031	True
16655	True
20183	False
18534	False
31833	False
11616	True
32543	False
31116	True
32172	False
32744	True
14047	False
25730	True
26026	False
16734	True
24101	False
17496	True
15728	True
22728	False
35477	True
1402	True
31154	False
6775	False
28047	False
1449	False
34382	False
12054	True
15456	False
2218	False
5486	False
11974	True
12936	True
31612	False
27035	False
15979	True
35373	True
34483	False
25976	True
31735	True
883	True
11764	False
24255	True
369	True
4196	False
8292	False
7034	False
29300	False
3175	False
32942	True
2965	True
26311	False
9306	True
4427	False
20950	False
25661	True
9369	False
1873	True
33338	False
17530	True
1229	True
2985	True
25367	False
2215	True
1539	False
12526	False
30773	True
21164	False
28960	False
33176	True
27531	False
13925	True
13807	False
10811	True
9179	True
5438	False
33106	False
166	False
22293	False
7612	False
2267	False
32231	True
28191	False
12847	False
29926	True
20305	True
29276	True
21102	True
34992	True
4728	False
8820	True
35401	False
3719	False
19182	True
15073	True
26225	True
29482	True
25248	False
29141	True
32413	False
20545	True
16311	False
26380	False
31070	True
13312	False
7747	False
19752	True
28830	True
973	False
30568	True
28752	True
8629	True
23337	False
6851	False
3163	True
13209	True
3461	True
22781	True
7885	False
18277	True
380	True
33937	True
35233	True
31415	True
7097	True
24300	False
8245	False
4405	False
10573	True
30806	False
6785	False
27068	False
33900	True
15859	True
682	False
19799	True
35170	True
3209	True
28412	True
22535	True
25178	False
16108	True
8678	False
9484	False
4517	True
25442	False
31848	False
28876	False
20576	False
9007	False
29586	False
14753	False
10686	False
15867	True
19289	False
27490	True
780	False
21915	False
8039	True
4534	False
34731	False
10729	False
13718	False
14314	True
18706	False
3462	False
32464	True
3584	True
33265	True
14747	False
30132	False
12439	True
11682	True
13920	True
3784	True
14285	False
29199	False
10533	False
20729	True
7415	True
11653	False
11236	False
2345	True
16479	False
33891	True
468	False
13315	True
28408	True
33609	False
34704	True
29876	False
15354	True
15625	True
34677	False
963	False
7241	True
3315	False
16	False
26383	True
32953	True
5190	True
13429	True
22170	False
22232	True
12805	True
320	False
32327	False
5636	False
19659	True
19455	True
6324	True
23626	False
2911	False
21643	True
9342	True
19425	True
15523	True
33065	True
34248	False
2585	True
3875	True
11409	True
32498	True
4280	True
17292	False
2619	True
7178	False
27370	True
13306	False
20999	True
31008	False
11961	True
14017	True
17150	False
21889	False
25841	True
28852	False
28804	True
21281	True
6393	True
17836	False
14364	True
31852	True
2560	False
21906	False
2224	False
8776	True
8738	True
312	False
26482	True
12251	True
20801	False
21532	False
14106	True
13610	False
29930	False
10514	True
32730	False
23998	True
14968	False
11688	True
24211	False
23342	False
855	False
27697	False
2376	False
29770	False
10190	False
4231	True
11214	False
32859	False
33330	True
11438	True
16244	True
28514	True
2127	True
1628	True
11679	False
34547	True
774	True
20201	True
34833	False
30016	True
25942	True
21211	True
24453	False
20912	True
3424	True
6652	False
10676	False
18493	False
15790	True
672	True
34578	False
27077	True
16261	False
24915	True
33284	True
30682	True
27520	True
25169	True
8892	True
25768	True
30995	True
19361	False
11000	True
20188	True
15453	True
18835	True
19267	True
28102	True
30149	True
13375	False
11758	False
17493	False
25786	False
25255	False
26891	False
4651	True
15533	True
6705	True
29102	False
21195	True
5220	False
13400	True
22920	True
5993	True
9450	True
16203	True
33083	False
10007	False
12408	False
4188	True
34608	True
4289	True
3479	True
18024	True
24482	False
33146	True
12648	True
18375	False
23573	False
8139	True
20437	False
33124	True
25558	True
3578	True
6291	False
31402	False
691	True
18979	True
18297	False
12350	True
24927	True
33746	False
23050	False
14829	True
30948	True
5858	False
24961	False
21541	False
1394	False
16366	True
3842	True
10287	True
11213	True
18556	False
29241	False
25682	True
7791	False
27652	False
11684	True
2042	False
12718	True
15706	False
11833	True
12561	False
3498	True
26831	False
16089	False
19681	False
2740	False
30552	False
4668	True
27985	False
3275	True
12582	False
5139	False
19046	False
20987	True
32929	True
7652	True
